voltage mean,voltage std,voltage kurtosis,voltage skewness,CC Q,CC charge time,voltage slope,voltage entropy,current mean,current std,current kurtosis,current skewness,CV Q,CV charge time,current slope,current entropy,capacity
4.18032608179126,0.025675157143348618,17.899104792069934,-3.926012662736304,5897.627223138968,10761.266,2.088805460644825e-05,3.264221045276892,0.5850917002606234,0.5815778738897934,-1.291546785821687,0.6728869510570356,510.5918452784492,366.578,-0.00013202820878966282,4.573685685457765,1.4183095114360322
4.182020760090377,0.026646276663112634,17.315882776312787,-4.024560457348174,5182.027365578318,10734.827999999996,2.1219040546498638e-05,2.9086405959345414,0.5150289531373479,0.5402460949252006,-0.852737644591516,0.9133304371710063,1679.8039639736198,1288.328,-0.00013283048370545808,4.935283937700297,1.3707123028693164
4.182353644493134,0.025165244506762816,19.71449249551624,-4.25574386561389,4919.86010632154,10757.562,2.1559494828583905e-05,2.7387551365667098,0.48437535634056844,0.5179471524958295,-0.5525130509013332,1.0309537671190232,646.5293373260074,475.625,-0.00013374393704153797,4.922410378327425,1.3515647352626494
