voltage mean,voltage std,voltage kurtosis,voltage skewness,CC Q,CC charge time,voltage slope,voltage entropy,current mean,current std,current kurtosis,current skewness,CV Q,CV charge time,current slope,current entropy,dqdv,capacity
3.134533959399899,0.19959726213800902,1.3624290229286222,0.6298680802580346,-3097.8888112109444,1693.829,-0.0001366782111946999,5.490560767834343,-1.8085460674911937,0.5805209549917427,5.86702468932636,2.8048057163815345,0.019187482167810993,9.313000000000002,7.644354008338204e-05,0.44606369672750684,21117.335191182883,1.4183095114360322
3.3543285492513166,0.25515065335694564,0.1460762148056749,-0.21437493807156985,-5105.581215351179,3151.453,-0.00013453470295835907,5.358727158474419,-1.6188443277128228,0.7800630381905694,0.5490755750505265,1.5965763154269375,-0.013756129985219408,9.281,5.347109752700882e-05,0.6973948137015916,646204.4908718839,1.3707123028693164
3.3958185323324503,0.2573309586744454,0.18668701314312042,-0.3349253572490541,-4934.0247862493825,3115.75,-0.0001417283677450355,5.543652301285153,-1.5816653430049945,0.8086278356428309,0.0987760426781894,1.4487086829239593,-0.0032082525030054897,9.359,4.833594238417778e-05,0.7351020159548096,30392.08333260001,1.3515647352626494
